"CELEB","ALBUM"
"Bret Michaels","A Letter From Death Row"
"Bret Michaels","A Letter from Death Row"
"Bret Michaels","Songs Of Life"
"Bret Michaels","Rock My World"
"Bret Michaels","Show Me Your Hits! A Salute to Poison"
"Bret Michaels","Ballads, Blues & Stories"
"Bret Michaels","Freedom of Sound"
"Bret Michaels","Songs of Life"
"Bret Michaels","Custom Built"
"Bret Michaels","Freedom Of Sound"
"Bret Michaels","Ballads, Blues and Stories"
"Bret Michaels","Country Demos"
"Kevin Federline","Playing with Fire"
"Kevin Federline","Playing With Fire"
"Jakob Dylan","Seeing Things"
"Beyoncé","Me, Myself and I"
"Beyoncé","Check on It"
"Beyoncé","Dangerously in Love"
"Beyoncé","Irreemplazable"
"Beyoncé","True Star: A Private Performance"
"Beyoncé","Speak My Mind"
"Beyoncé","B’Day Anthology Video Album"
"Beyoncé","B'Day (deluxe edition)"
"Beyoncé","Baby Boy"
"Beyoncé","Green Light: Freemasons EP"
"Beyoncé","Deja Vu"
"Beyoncé","Naughty Girl"
"Beyoncé","B'Day-Deluxe Edition"
"Beyoncé","Crazy in Love"
"Beyoncé","B'Day"
"Beyoncé","Listen"
"Beyoncé","Baby Boy (feat. Sean Paul)"
"Beyoncé","Krazy in Luv"
"Beyoncé","Irreplaceable"
"Jerry Seinfeld","I'm Telling You for the Last Time"
"Jerry Seinfeld","Jerry Seinfeld On Comedy"
"Aaron Carter","Shake It (feat. 95 South)"
"Aaron Carter","Most Requested Hits"
"Aaron Carter","Aarons Party (Come Get It)"
"Aaron Carter","Come Get It: The Very Best of Aaron Carter"
"Aaron Carter","Surfin' USA"
"Aaron Carter","Leave It Up to Me"
"Aaron Carter","Oh Aaron"
"Aaron Carter","Saturday Night"
"Aaron Carter","Aaron's Party"
"Aaron Carter","Crazy Little Party Girl"
"Aaron Carter","I'm Gonna Miss You Forever"
"Aaron Carter","Another Earthquake!"
"Aaron Carter","Aaron Carter"
"Aaron Carter","2 Good 2 B True"
"Aaron Carter","Crush on You"
"Aaron Carter","Another Earthquake"
"Dave Grohl","Pocketwatch"
"Ben Lee","Something to Remember Me By"
"Ben Lee","Awake Is the New Sleep"
"Ben Lee","ITunes Originals – Ben Lee"
"Ben Lee","Ripe"
"Ben Lee","Away With the Pixies"
"Ben Lee","Breathing Tornados"
"Ben Lee","Grandpaw Would"
"Ben Lee","Something Borrowed, Something Blue"
"Ben Lee","Catch My Disease"
"Ben Lee","Live at the Wireless"
"Ben Lee","Hey you. yes you."
"Ben Lee","The Dirty Little Secret EP"
"Ben Lee","Hey You, Yes You"
"Ben Lee","Gamble Everything for Love"
"Ben Lee","Cigarettes Will Kill You"
"Robert Downey Jr.","Smile"
"Robert Downey Jr.","The Futurist"
"k.d. lang","Live by Request"
"k.d. lang","Sexuality EP"
"k.d. lang","Reintarnation"
"k.d. lang","Ingenue"
"k.d. lang","Absolute Torch and Twang"
"k.d. lang","All You Can Eat"
"k.d. lang","Just Keep Me Moving"
"k.d. lang","Even Cowgirls Get the Blues"
"k.d. lang","Miss Chatelaine"
"k.d. lang","Shadowland"
"k.d. lang","Drag"
"k.d. lang","Hymns of the 49th Parallel"
"k.d. lang","Ingénue"
"k.d. lang","Watershed"
"k.d. lang","Invincible Summer"
"k.d. lang","Watershed (disc 2)"
"k.d. lang","Lifted by Love"
"k.d. lang","A Truly Western Experience"
"k.d. lang","A Wonderful World"
"k.d. lang","Constant Craving"
"k.d. lang","Angel with a Lariat"
"Justin Timberlake","My Love"
"Justin Timberlake","Senorita"
"Justin Timberlake","SexyBack"
"Justin Timberlake","Cry Me a River"
"Justin Timberlake","FutureSex/LoveSounds"
"Justin Timberlake","Rock Your Body"
"Justin Timberlake","Like I Love You"
"Justin Timberlake","I'm Lovin' It"
"Justin Timberlake","Justified"
"Justin Timberlake","Cry Me a River  "
"Carly Simon","Anticipation"
"Carly Simon","Anthology"
"Carly Simon","Reflections: Carly Simon's Greatest Hits"
"Carly Simon","The Best of Carly Simon, Volume 1"
"Carly Simon","Have You Seen Me Lately"
"Carly Simon","Carly Simon"
"Carly Simon","Aniticipation / The Garden"
"Carly Simon","Playing Possum"
"Carly Simon","Film Noir"
"Carly Simon","This Kind of Love"
"Carly Simon","The Very Best Of Carly Simon: Nobody Does It Better"
"Carly Simon","Into White"
"Carly Simon","Come Upstairs"
"Carly Simon","Christmas Is Almost Here"
"Carly Simon","This Is My Life"
"Carly Simon","Live From Martha's Vineyard"
"Carly Simon","Clouds in My Coffee"
"Carly Simon","Another Passenger"
"Carly Simon","Clouds in My Coffee 1965-1995"
"Carly Simon","Carly Simon's Romulus Hunt: A Family Opera"
"Carly Simon","The Best of Carly Simon"
"Carly Simon","No Secrets"
"Carly Simon","The Very Best Of"
"Carly Simon","My Romance"
"Carly Simon","Spy"
"Carly Simon","Spoiled Girl"
"Carly Simon","Moonlight Serenade"
"Carly Simon","Christmas Is Almost Here Again"
"Carly Simon","Hello Big Man"
"Carly Simon","Torch"
"Carly Simon","Have You Seen Me Lately?"
"Carly Simon","Letters Never Sent"
"Carly Simon","Greatest Hits Live"
"Carly Simon","Romulus Hunt: A Family Opera"
"Carly Simon","Coming Around Again"
"Carly Simon","The Bedroom Tapes"
"Carly Simon","Hotcakes"
"Carly Simon","Boys in the Trees"
"Jennifer Love Hewitt","Love Songs"
"Jennifer Love Hewitt","Let's Go Bang"
"Jennifer Love Hewitt","Jennifer Love Hewitt"
"Jennifer Love Hewitt","BareNaked"
"Gina Gershon","Prey For Rock & Roll Soundtrack"
"Keith Urban","1991"
"Keith Urban","Golden Road"
"Keith Urban","Love, Pain & the Whole Crazy Thing"
"Keith Urban","in The Ranch"
"Keith Urban","Be Here"
"Keith Urban","Keith Urban"
"Keith Urban","Days Go By"
"Beck","Girl"
"Beck","Gameboy Variations (Hell Yes EP)"
"Beck","The Information"
"Beck","Stereopathetic Soulmanure"
"Beck","Guerolito"
"Beck","Mellow Gold"
"Beck","Sissyneck"
"Beck","Cellphone's Dead"
"Beck","1992 Demo"
"Beck","Sexx Laws"
"Beck","Beck.com B-Sides"
"Beck","E-Pro"
"Beck","Timebomb"
"Beck","Caspar and Mollusk"
"Beck","The Information Deluxe (disc 1)"
"Beck","Stray Blues"
"Beck","Don't Get Bent Out of Shape"
"Beck","The New Pollution"
"Beck","Banjo Story"
"Beck","Electric Music for the Kool People"
"Beck","Pay No Mind (Snoozer)"
"Beck","The New Pollution and Other Favorites"
"Beck","Beercan"
"Beck","Beck"
"Beck","A Brief Overview"
"Beck","Golden Feelings"
"Beck","Beck, Like the Beer"
"Beck","The Information Deluxe (bonus disc: Remixes)"
"Beck","Eternal Sunshine of the Spotless Mind"
"Beck","Lollipop"
"Beck","Stray Blues: A Collection of B-Sides"
"Beck","Mixed Bizness"
"Beck","Odelay (Deluxe Edition)"
"Beck","Tropicalia"
"Beck","Steve Threw Up"
"Beck","Frontin' on Debra"
"Beck","Loser"
"Beck","Midnite Vultures"
"Beck","Odelay"
"Beck","Devils Haircut"
"Beck","Where It's At"
"Beck","Sea Change"
"Beck","Hit Singles"
"Beck","Nicotine & Gravy"
"Beck","Chemtrails"
"Beck","Deadweight"
"Beck","Guero"
"Beck","Mutations"
"Beck","We Like Folk...Who Cares...Destroy Us"
"Beck","Jack-Ass"
"Beck","Mellow Gold Tour Sampler"
"Beck","Hell Yes"
"Beck","Cold Brains"
"Beck","A Western Harvest Field by Moonlight"
"Beck","One Foot in the Grave"
"Beck","Modern Guilt"
"Beck","Nobody's Fault But My Own"
"Beck","O Menina"
"Beck","It's All in Your Mind"
"Conor Oberst","Water"
"Conor Oberst","Here's to Special Treatment"
"Conor Oberst","Conor Oberst"
"Conor Oberst","The Soundtrack to My Movie"
"Conor Oberst","Kill the Monster Before It Eats Baby"
"Heidi Klum","Wonderland"
"Frédéric Chopin","Favorite Chopin (Vladimir Horowitz)"
"Frédéric Chopin","Nocturnes (feat. piano: Maria-João Pires)"
"Frédéric Chopin","Piano Sonatas (Idil Biret)"
"Frédéric Chopin","A Chopin Collection (piano: Kathryn Stott)"
"Frédéric Chopin","The Piano Works (feat. piano Vladimir Ashkenazy)"
"Frédéric Chopin","Selections From the Chopin Collection (feat. piano: Artur Rubinstein)"
"Frédéric Chopin","12 Etudes Op. 10 / Op.25 (feat. piano: Maurizio Pollini)"
"Frédéric Chopin","The Rubinstein Collection, Volume 17: Piano Concertos Nos. 1 & 2 (feat. piano: Artur Rubinstein)"
"Frédéric Chopin","4 Ballades (feat. piano: Krystian Zimerman)"
"Frédéric Chopin","4 Ballades / 4 Scherzi"
"Frédéric Chopin","Sonata, Etudes & Polonaise (feat. Piano: Vitalij Margulis)"
"Frédéric Chopin","Horowitz Plays Chopin (piano: Vladimir Horowitz)"
"Frédéric Chopin","Mad About Chopin"
"Frédéric Chopin","The Chopin Experience - Chopin the Dramatist (disc 2) - Vladimir Ashkenazy"
"Frédéric Chopin","Concertos nos. 23 & 27 - Vladimir Ashkenazy"
"Frédéric Chopin","Argerich Collection (feat. piano: Martha Argerich)"
"Frédéric Chopin","Scherzos & Ballades (Valerie Tryon)"
"Frédéric Chopin","Chopin: Preludes & Nocturnes"
"Frédéric Chopin","The Complete Nocturnes and Impromptus"
"Frédéric Chopin","Waltzes (Complete) (piano: Idil Biret)"
"Frédéric Chopin","Complete Piano Music, Volume 11: Rondos and Variations (Idil Biret)"
"Frédéric Chopin","4 Scherzi (feat. piano: Maurizio Pollini)"
"Frédéric Chopin","24 Préludes Op. 28 (feat. piano: Maurizio Pollini)"
"Frédéric Chopin","Famous Piano Music"
"Frédéric Chopin","Chopin, Fantasie-Impromptu and Other Works (Claudio Arrau)"
"Frédéric Chopin","Chopin Piano Music, Volume 1 (Idil Biret)"
"Frédéric Chopin","Chopin (feat. piano: Jon Kimura Parker)"
"Frédéric Chopin","Works for Piano and Orchestra (disc 1)"
"Frédéric Chopin","Piano Works (Tamás Vásáry) (disc 1)"
"Frédéric Chopin","Chopin Songs"
"Frédéric Chopin","Great Pianists: Maurizio Pollini"
"Frédéric Chopin","Artur Rubinstein Plays Chopin"
"Frédéric Chopin","Chopin Piano Music (Vladimir Horowitz)"
"Frédéric Chopin","Kissin: The Legendary 1984 Moscow Concert"
"Frédéric Chopin","Mazurkas / Polonaises / Scherzi (piano: Arthur Rubinstein) (disc 2)"
"Frédéric Chopin","Chopin: 4 Ballades (feat. piano: Murray Perahia)"
"Frédéric Chopin","Préludes / Impromptus (piano: Alfred Cortot)"
"Frédéric Chopin","Cello Sonata / Polonaise Brillante / Grand Duo (cello: Maria Kliegel, piano: Bernd Glemser)"
"Frédéric Chopin","The Rubinstein Collection, Volume 46: Chopin Piano Sonatas (feat. piano: Arthur Rubinstein)"
"Frédéric Chopin","Ballades & Scherzos (feat. piano: Cyprien Katsaris)"
"Frédéric Chopin","Chopin Piano Music, Volume 3: Mazurkas, Volume 1 (piano: Idil Biret)"
"Frédéric Chopin","Fantacisie Polonaise - Piano Fou Ts'ong"
"Frédéric Chopin","Chopin: Piano Concerto No. 1 / 4 Nocturnes / Ballade No. 1 / Polonaise No. 6"
"Frédéric Chopin","Complete Works for Piano and Orchestra (disc 1) (feat. piano: Claudio Arrau)"
"Frédéric Chopin","Chopin Piano Music, Volume 4: Mazurkas, Volume 2 (Idil Biret)"
"Frédéric Chopin","Balladen · Scherzo · Bulva · Sitzius · Lilamand"
"Frédéric Chopin","The Rubinstein Collection, Volume 16 (Arthur Rubinstein)"
"Frédéric Chopin","4 Ballades, 4 Impromptus (feat. Piano: Makiko Takeda)"
"Frédéric Chopin","Chopin: Prelude, Op. 28 (feat. piano: Maurizio Pollini)"
"Frédéric Chopin","19 Valses (feat. piano: Bruno Rigutto)"
"Frédéric Chopin","Œuvres pour Piano, Volume 2 (Alfred Cortot)"
"Frédéric Chopin","Concerto for Piano Nº 1 & Andante Spianato Op. 22"
"Frédéric Chopin","Sonata No. 3, Preludes (feat. piano: Vladimir Ashkenazy)"
"Frédéric Chopin","Chopin's Greatest Hits"
"Frédéric Chopin","Dzieła Wszystkie - Etiudy (feat. piano: Bolesław Woytowicz)"
"Frédéric Chopin","Artur Rubinstein - The Chopin Collection: The Waltzes"
"Frédéric Chopin","Chopin Piano Music, Volume 10: Preludes (Idil Biret)"
"Frédéric Chopin","The Very Best of Classical Music, Volume 5: Frédéric Chopin"
"Frédéric Chopin","Classical Treasures: Chopin Piano Favorites"
"Frédéric Chopin","Polonaises, etc. (piano: Vladimir Ashkenazy)"
"Frédéric Chopin","Complete Nocturnes and Impromptus (Peter Katin)"
"Frédéric Chopin","Nocturnes Nos. 1-11 (feat. piano: Nikita Magaloff)"
"Frédéric Chopin","Chopin Selected Piano Works"
"Frédéric Chopin","Piano Sonata No. 3 / Études op. 25 (feat. piano: Nelson Freire)"
"Frédéric Chopin","Artur Rubinstein: The Chopin Collection, The Concertos"
"Frédéric Chopin","William Kapell Edition, Volume 1: Mazurkas (piano: William Kapell)"
"Frédéric Chopin","Etudes"
"Frédéric Chopin","Etudes Op. 10 & Op. 25"
"Frédéric Chopin","Byron Janis I (disc 2)"
"Frédéric Chopin","24 Preludes, Op. 28 / Ballades Nos. 2 & 4, etc. (feat. piano: Jorge Bolet)"
"Frédéric Chopin","Ivan Moravec plays Chopin"
"Frédéric Chopin","The Complete Chopin Piano Works, Volume 4: Scherzi & Variations (Garrick Ohlsson)"
"Frédéric Chopin","Chopin"
"Frédéric Chopin","Wilhelm Kempff Plays Chopin, Volume 1"
"Frédéric Chopin","Chopin, Volume 1 (Evgeny Kissin)"
"Frédéric Chopin","Polonaise in A / Sonata No. 2 and Other Works (feat. piano: Jon Kimua Parker)"
"Frédéric Chopin","Klaviersonaten Nos. 2 & 3 / Scherzo No. 3 (feat. piano: Martha Argerich)"
"Frédéric Chopin","Chopin: The Mazurkas (disc 2)"
"Frédéric Chopin","Mazurkas"
"Frédéric Chopin","Chopin for Relaxation"
"Frédéric Chopin","The Chopin Collection (feat. piano: Arthur Rubinstein)"
"Frédéric Chopin","Vladimir Horowitz: Favorite Chopin, Volume 2"
"Frédéric Chopin","Chopin: Complete Edition (box 2,"
"Frédéric Chopin","Chopin - Four Ballads (Istvan Szekely)"
"Frédéric Chopin","Chopin: Nocturnes (feat. piano: Daniel Barenboim)"
"Frédéric Chopin","Chopin for Lovers (Vladimir Ashkenazy)"
"Frédéric Chopin","Chamber Music (feat. cello: Yo-Yo Ma)"
"Frédéric Chopin","Etudes & Ballades"
"Frédéric Chopin","Piano Concertos Nos. 1 & 2"
"Frédéric Chopin","The Best of Chopin"
"Frédéric Chopin","Ballades, Impromptus, Mazurkas"
"Frédéric Chopin","4 Scherzi, Polonaise No. 6, Ballade No. 3, Berceuse, etc. (feat. piano: Nelson Freire)"
"Frédéric Chopin","Piano Sonatas 2 & 3 / Scherzi / Ballades (feat. piano: Cécile Ousset)"
"Frédéric Chopin","Complete Edition Sampler"
"Frédéric Chopin","17 Walzes / 4 Mazurkas (piano: Tamás Vásáry)"
"Vanessa Anne Hudgens","Identified"
"Vanessa Anne Hudgens","Say OK"
"Vanessa Anne Hudgens","Come Back to Me"
"Vanessa Anne Hudgens","V"
"Mandy Moore","Mandy Moore"
"Mandy Moore","I Wanna Be With You"
"Mandy Moore","Candy"
"Mandy Moore","So Real"
"Mandy Moore","Coverage"
"Mandy Moore","Wild Hope"
"Mandy Moore","The Best of Mandy Moore"
"Mandy Moore","Super Hits"
"Pete Yorn","Sunet EP"
"Pete Yorn","Westerns EP"
"Pete Yorn","Life on a Chain"
"Pete Yorn","Pete Yorn"
"Pete Yorn","Live from New Jersey"
"Pete Yorn","Day I Forgot"
"Pete Yorn","Live at the Roxy"
"Pete Yorn","musicforthemorningafter"
"Pete Yorn","Open Season"
"Pete Yorn","Nightcrawler"
"Devendra Banhart","Oh Me Oh My"
"Devendra Banhart","The Charles C. Leary"
"Devendra Banhart","White Reggae Troll"
"Devendra Banhart","Little Yellow Spider"
"Devendra Banhart","The Black Babies"
"Devendra Banhart","Cripple Crow"
"Devendra Banhart","The Golden Apples of the Sun"
"Devendra Banhart","Niño Rojo"
"Devendra Banhart","Devendra Banhart/Jana Hunter"
"Devendra Banhart","Smokey Rolls Down Thunder Canyon"
"Devendra Banhart","At the Hop"
"Devendra Banhart","Xiu Xiu/Devendra Banhart split 7-inch"
"Devendra Banhart","I Feel Just Like a Child"
"Paul Westerberg","Eventually"
"Paul Westerberg","Stereo"
"Paul Westerberg","14 Songs"
"Paul Westerberg","Suicaine Gratifaction"
"Paul Westerberg","Open Season"
"Paul Westerberg","Dead Man Shake"
"Paul Westerberg","I Want My Money Back"
"Paul Westerberg","Besterberg: The Best of Paul Westerberg"
"Paul Westerberg","Folker"
"Paul Westerberg","Mono"
"Paul Westerberg","Grandpaboy"
"Paul Westerberg","Gravel Pit"
"Paul Westerberg","Come Feel Me Tremble"
"John Mayer","Room for Squares"
"John Mayer","No Such Thing"
"John Mayer","Heavier Things"
"John Mayer","As Is: Volume One"
"John Mayer","The Village Sessions"
"John Mayer","Cars"
"John Mayer","As/Is"
"John Mayer","Your Body Is a Wonderland"
"John Mayer","Any Given Thursday"
"John Mayer","Why Georgia"
"John Mayer","As/Is Volume 2: Mountain View, CA 7/16/04"
"John Mayer","Shiva Nataraj: King of Dance"
"John Mayer","Continuum (bonus disc)"
"John Mayer","Dhammapada"
"John Mayer","Daughters / Come Back to Bed / Home Life"
"John Mayer","Inside Wants Out"
"John Mayer","Where the Light Is: John Mayer Live in Los Angeles (disc 1)"
"John Mayer","Waiting on the World to Change: Limited Edition"
"John Mayer","Bigger Than My Body"
"John Mayer","Where the Light Is: John Mayer Live in Los Angeles (disc 2)"
"John Mayer","Continuum"
"Chris Isaak","Chris Isaak Christmas"
"Chris Isaak","Chris Isaak"
"Chris Isaak","The Best Of"
"Chris Isaak","Christmas"
"Chris Isaak","Somebody's Crying"
"Chris Isaak","Blue Hotel"
"Chris Isaak","Let Me Down Easy"
"Chris Isaak","Solitary Man"
"Chris Isaak","Wicked Game"
"Chris Isaak","Heart Shaped World"
"Chris Isaak","San Francisco Days"
"Chris Isaak","Silvertone"
"Chris Isaak","Forever Blue"
"Chris Isaak","Dark Moon"
"Chris Isaak","Always Got Tonight"
"Chris Isaak","Baja Sessions"
"Chris Isaak","3 for One"
"Chris Isaak","Best 1985-1998"
"Chris Isaak","Speak of the Devil"
"Chris Isaak","Best of Chris Isaak"
"Chris Isaak","Baby Did a Bad Bad Thing"
"Chris Isaak","San Francisco Days / Chris Isaak"
"Paris Hilton","Paris"
"Paris Hilton","Nothing in This World"
"Paris Hilton","Oh Paris"
"Paris Hilton","Turn It Up"
"Paris Hilton","Stars Are Blind"
"Evan Dando","Baby I'm Bored"
"Evan Dando","Griffith Sunset EP"
"Evan Dando","It Looks Like You"
"Evan Dando","Live At The Brattle Theatre"
"Evan Dando","It's All True"
"Alyssa Milano","Locked Inside A Dream"
"Alyssa Milano","Do You See Me?"
"Alyssa Milano","The Very Best Of Alyssa Milano"
"Alyssa Milano","The Best In The World: Non-Stop Special Remix/Alyssa's Singles"
"Alyssa Milano","Look In My Heart"
"Alyssa Milano","Alyssa"
"Mariah Carey","E=MC²"
"Mariah Carey","Rainbow"
"Mariah Carey","Number 1's"
"Mariah Carey","MTV Unplugged"
"Mariah Carey","Emotions"
"Mariah Carey","Mariah Carey's eleventh studio album"
"Mariah Carey","Merry Christmas"
"Mariah Carey","The Remixes"
"Mariah Carey","Without You"
"Mariah Carey","Butterfly"
"Mariah Carey","Greatest Hits"
"Mariah Carey","Daydream"
"Mariah Carey","Millenium Hits 2000 (disc 1)"
"Mariah Carey","Valentines"
"Mariah Carey","The Emancipation of Mimi: Ultra Platinum Edition"
"Mariah Carey","Eponyme"
"Mariah Carey","Charmbracelet"
"Mariah Carey","Mariah Carey"
"Mariah Carey","Music Box"
"Mariah Carey","The Emancipation of Mimi"
"Mariah Carey","The Adventures of Mimi"
"Mariah Carey","Glitter"
"Frank Sinatra","September of My Years"
"Frank Sinatra","A Touch of Class"
"Frank Sinatra","Frank Sinatra Sings Christmas Classics"
"Frank Sinatra","Sinatra & Company"
"Frank Sinatra","The Reprise Collection"
"Frank Sinatra","All of Me"
"Frank Sinatra","Where Are You?"
"Frank Sinatra","The Golden Voice"
"Frank Sinatra","Songs for Swingin' Lovers!"
"Frank Sinatra","The Complete Capitol Singles Collection"
"Frank Sinatra","Sinatra Sings Gershwin"
"Frank Sinatra","You Make Me Feel So Young"
"Frank Sinatra","Super Hits"
"Frank Sinatra","The Original Sessions: String Along (disc 3)"
"Frank Sinatra","A Man and His Music"
"Frank Sinatra","Collection: Radio Broadcasts"
"Frank Sinatra","Classics and Standards"
"Frank Sinatra","It Might as Well Be Swing (feat. Count Basie)"
"Frank Sinatra","Ol' Blue Eyes Is Back"
"Frank Sinatra","The Best of the Capitol Years"
"Frank Sinatra","Duets With the Dames"
"Frank Sinatra","Frank Sinatra Sings for Only the Lonely"
"Frank Sinatra","Sinatra 80th: All the Best"
"Frank Sinatra","Classic Duets"
"Frank Sinatra","Duets"
"Frank Sinatra","No One Cares"
"Frank Sinatra","Frank Sinatra & Friends"
"Frank Sinatra","The Collection"
"Frank Sinatra","A Portrait of Frank Sinatra"
"Frank Sinatra","Swing and Dance With Frank Sinatra"
"Frank Sinatra","Romance"
"Frank Sinatra","Embraceable You"
"Frank Sinatra","Sinatra Reprise: The Very Good Years"
"Frank Sinatra","Christmas Songs by Sinatra"
"Frank Sinatra","All the Way"
"Frank Sinatra","Ring-a-Ding Ding!"
"Frank Sinatra","16 Most Requested Songs"
"Frank Sinatra","Frank Sinatra Sings Days of Wine and Roses, Moon River and Other Academy Award Winners"
"Frank Sinatra","Sinatra and Swingin' Brass"
"Frank Sinatra","Sinatra at the Sands"
"Frank Sinatra","Nice 'n' Easy"
"Frank Sinatra","Frank Sinatra Conducts Tone Poems of Color"
"Frank Sinatra","Come Swing With Me!"
"Frank Sinatra","Trilogy: Past Present Future"
"Frank Sinatra","A Fine Romance: The Love Songs of Frank (disc 1)"
"Frank Sinatra","Point of No Return"
"Frank Sinatra","When You're Smiling"
"Frank Sinatra","Watertown"
"Frank Sinatra","Cycles"
"Frank Sinatra","The Very Best of Frank Sinatra"
"Frank Sinatra","Strangers in the Night"
"Frank Sinatra","The Capitol Years"
"Frank Sinatra","The Columbia Years (1943-1952) - The Complete Recordings"
"Frank Sinatra","A Jolly Christmas From Frank Sinatra"
"Frank Sinatra","Come Fly With Me"
"Frank Sinatra","A Swingin' Affair!"
"Frank Sinatra","Frank Sinatra and the Tommy Dorsey Orchestra"
"Frank Sinatra","Moonlight Sinatra"
"Frank Sinatra","1968.05.22 Oakland Coliseum"
"Frank Sinatra","20 Classic Tracks"
"Frank Sinatra","My Way: The Best of Frank Sinatra"
"Frank Sinatra","A Man Alone"
"Frank Sinatra","Frank Sinatra Sings the Select Sammy Cahn"
"Frank Sinatra","Sinatra Sings Cole Porter"
"Frank Sinatra","A Fine Romance (The Love Songs) (disc 2)"
"Frank Sinatra","Frank Sinatra's Greatest Hits"
"Frank Sinatra","In the Wee Small Hours"
"Frank Sinatra","36 All-Time Favorites"
"Frank Sinatra","Sinatra's Swingin' Session!!!"
"Frank Sinatra","Frank Sinatra Favourites"
"Frank Sinatra","Frank Sinatra Sings the Select Johnny Mercer"
"Frank Sinatra","Essential: Masters of Jazz"
"Frank Sinatra","Duets II"
"Pete Yorn","Live From New Jersey"
"Gwen Stefani","Love. Angel. Music. Baby."
"Gwen Stefani","The Sweet Escape"
"Elton John","Cold as Christmas (in the Middle of the Year)"
"Elton John","Don't Shoot Me I'm Only the Piano Player"
"Elton John","Tumbleweed Connection"
"Elton John","Rock of the Westies"
"Elton John","Lucy in the Sky With Diamonds / One Day at a Time"
"Elton John","The Superior Sound of Elton John: 1970-1975"
"Elton John","Songbook"
"Elton John","Remixed"
"Elton John","Crocodile Rock"
"Elton John","Live at The Ritz"
"Elton John","Believe"
"Elton John","I Want Love"
"Elton John","Circle of Life"
"Elton John","Love Songs"
"Elton John","Pinball Wizard"
"Elton John","Jump Up"
"Elton John","The Captain & The Kid"
"Elton John","Blue Moves"
"Elton John","Rare Masters"
"Elton John","Rocket Man: The Definitive Hits"
"Elton John","Duets"
"Elton John","Candle in the Wind"
"Elton John","Don't Go Breaking My Heart"
"Elton John","Runaway Train"
"Elton John","Just Like Belgium"
"Elton John","The Collection"
"Elton John","The Lion King"
"Elton John","Nikita"
"Elton John","Aïda (Original Dutch Cast)"
"Elton John","Dick James Demos, Volume 2"
"Elton John","Boxed Set (disc 3)"
"Elton John","Can You Feel the Love Tonight"
"Elton John","The Complete Thom Bell Sessions"
"Elton John","Reg Strikes Back"
"Elton John","The Rock Collection - 1"
"Elton John","Classic Elton John"
"Elton John","Goodbye Yellow Brick Road"
"Elton John","Breaking Hearts"
"Elton John","Live in Australia"
"Elton John","One Night Only"
"Elton John","Ego"
"Elton John","Captain Fantastic and The Brown Dirt Cowboy"
"Elton John","Friends"
"Elton John","Caribou"
"Elton John","Flip It Over"
"Elton John","The New Collection"
"Elton John","Empty Sky"
"Elton John","Here and There"
"Elton John","Sleeping With the Past"
"Elton John","The Very Best of Elton John"
"Elton John","Peachtree Road"
"Elton John","Electricity"
"Elton John","Victim of Love"
"Elton John","Here & There"
"Elton John","Step Into Christmas"
"Elton John","Greatest Hits Volume III 1979-1987"
"Elton John","Elton John"
"Elton John","21 at 33"
"Elton John","Leather Jackets"
"Elton John","Are You Ready for Love"
"Elton John","Greatest Hits 1970-2002"
"Elton John","Rocket Man: Number Ones"
"Elton John","Reg Dwight's Piano Goes Pop"
"Elton John","Too Low for Zero"
"Elton John","Your Song"
"Elton John","To Be Continued"
"Elton John","The Rock Collection - 2"
"Elton John","A Single Man"
"Elton John","Madman Across the Water"
"Elton John","You Gotta Love Someone"
"Elton John","Elton John's Greatest Hits"
"Elton John","Lady Samantha"
"Elton John","Greatest Hits, Volume II"
"Elton John","Ice on Fire"
"Elton John","Greatest Hits 1976-1986"
"Elton John","Super Stars Best Collection"
"Elton John","The Fox"
"Elton John","11/17/1970"
"Elton John","Elton John and Tim Rice's Aida"
"Elton John","Captain Fantastic and the Brown Dirt Cowboy"
"Elton John","Ballads"
"Elton John","Your Songs"
"Elton John","I Don't Wanna Go On With You Like That"
"Elton John","Honky Château"
"Elton John","Greatest Hits Volume II"
"Elton John","The Lion King (2004 Netherlands Cast)"
"Elton John","Something About the Way You Look Tonight"
"Elton John","The Big Picture"
"Elton John","Recover Your Soul"
"Elton John","Made in England"
"Elton John","The Road to El Dorado"
"Elton John","Aida"
"Elton John","The One"
"Elton John","Songs From the West Coast"
"Dave Pirner","Faces & Names"
"Dave Pirner","Faces and Names"
"Lindsay Lohan","Lindsay Lohan's Third Album"
"Lindsay Lohan","A Little More Personal"
"Lindsay Lohan","Speak"
"Sean Combs","I Need a Girl, Part 1 (feat. Usher & Loon)"
"Sean Combs","Forever"
"Sean Combs","Come With Me (feat. Jimmy Page) (remix)"
"Sean Combs","Let's Get Ill (feat. Kelis)"
"Sean Combs","Best Friend"
"Sean Combs","We Invented The Remix Vol. 2"
"Sean Combs","We Invented The Remix Vol. 1"
"Sean Combs","Through the Pain (She Told Me)"
"Sean Combs","Come With Me"
"Sean Combs","Platinum Collection 2000"
"Sean Combs","Puff Daddy Greatest Hits 2000"
"Sean Combs","Last Night (feat. Keyshia Cole)"
"Sean Combs","No Way Out"
"Sean Combs","P.E. 2000"
"Sean Combs","Press Play"
"Sean Combs","The Saga Continues..."
"Sean Combs","Come With Me (feat. Jimmy Page)"
"Vanessa L. Williams","Everlasting Love"
"Vanessa L. Williams","20th Century Masters - The Millennium Collection: The Best Of"
"Vanessa L. Williams","Silver & Gold"
"Vanessa L. Williams","The Comfort Zone"
"Vanessa L. Williams","The Right Stuff"
"Vanessa L. Williams","Greatest Hits: The First Ten Years"
"Vanessa L. Williams","Greatest Hits The First Ten Years"
"Vanessa L. Williams","Here I Go Again"
"Vanessa L. Williams","Next"
"Vanessa L. Williams","Love Songs"
"Vanessa L. Williams","The Christmas Collection: The Best Of"
"Vanessa L. Williams","Silver and Gold"
"Vanessa L. Williams","The Sweetest Days"
"Vanessa L. Williams","Star Bright"
"Madonna","The Next Best Thing"
"Madonna","Madonna's upcoming Best of Remixes compilation"
"Madonna","The First Album"
"Madonna","Like a Virgin"
"Madonna","Like a Prayer"
"Madonna","The Confessions Tour"
"Madonna","Pre-Madonna"
"Madonna","Madonna 1983 - 1989"
"Madonna","I'm Breathless"
"Madonna","Die Another Day"
"Madonna","Who's That Girl"
"Madonna","Bedtime Stories"
"Madonna","GHV2 Remixed: The Best of 1991-2001"
"Madonna","Rescue Me"
"Madonna","I'm Going to Tell You a Secret"
"Madonna","Remixed Prayers"
"Madonna","Erotica"
"Madonna","You Can Dance: Single Edits"
"Madonna","The Holiday Collection"
"Madonna","What It Feels Like for a Girl"
"Madonna","CD Single Collection"
"Madonna","Music"
"Madonna","The Best & the Rest of Madonna, Volume 2"
"Madonna","True Blue"
"Madonna","Ray of Light"
"Madonna","In the Beginning"
"Madonna","Something to Remember"
"Madonna","12""ers+2"
"Madonna","American Life"
"Madonna","Hard Candy"
"Madonna","The Immaculate Collection"
"Madonna","Madonna’s 12th studio album"
"Madonna","Evita"
"Madonna","GHV2"
"Madonna","Madonna"
"Madonna","Madonna EP"
"Madonna","Give It to Me: The Early Years"
"Vanilla Ice","Mind Blowin'"
"Vanilla Ice","To the Extreme"
"Vanilla Ice","Back 2 Back Hits"
"Vanilla Ice","Extremely Live"
"Vanilla Ice","I Love You "
"Vanilla Ice","Hooked"
"Vanilla Ice","The Best of Vanilla Ice"
"Vanilla Ice","Bi-Polar"
"Vanilla Ice","Hot Sex"
"Vanilla Ice","Ice Ice Baby"
"Vanilla Ice","Bipolar"
"Vanilla Ice","Cool As Ice"
"Vanilla Ice","Hard to Swallow"
"Vanilla Ice","Ice Ice Baby (remix)"
"Vanilla Ice","Platinum Underground"
"Britney Spears","Oops!...I Did It Again"
"Britney Spears","In the Zone"
"Britney Spears","I Love Rock 'n' Roll/I'm a Slave 4 U"
"Britney Spears","Overprotected"
"Britney Spears","Me Against the Music (feat. Madonna)"
"Britney Spears","Don't Let Me Be the Last to Know"
"Britney Spears","Toxic"
"Britney Spears","B in the Mix: The Remixes"
"Britney Spears","My Prerogative"
"Britney Spears","Britney"
"Britney Spears","Everytime (The Remixes)"
"Britney Spears","B In the Mix (The Remixes)"
"Britney Spears","I Love Rock 'n' Roll"
"Britney Spears","Oops!...I Did It Again Remixes"
"Britney Spears","Lucky"
"Britney Spears","Boys"
"Britney Spears","Do Somethin'"
"Britney Spears","Me Against the Music (Remixes) (disc 2)"
"Britney Spears","Stronger Remixes"
"Britney Spears","Music from the Major Motion Picture Crossroads"
"Britney Spears","From the Bottom of My Broken Heart"
"Britney Spears","Everytime"
"Britney Spears","ブラックアウト"
"Britney Spears","Britney and Kevin: Chaotic"
"Britney Spears","Oops!... I Did It Again"
"Britney Spears","Stronger"
"Britney Spears","Piece of Me"
"Britney Spears","Outrageous"
"Britney Spears","Born to Make You Happy"
"Britney Spears","Gimme More"
"Britney Spears","Greatest Hits: My Prerogative"
"Britney Spears","Blackout"
"Britney Spears","I'm a Slave 4 U"
"Britney Spears","Britney Spears' fifth studio album"
"Britney Spears","Me Against the Music (Remixes) (disc 1)"
"Britney Spears","...Baby One More Time"
"Britney Spears","Me Against the Music (Remixes)"
"Britney Spears","Someday (I Will Understand) "
"Britney Spears","(You Drive Me) Crazy (The Stop Remix!)"
"Britney Spears","Don't Let Me Be the Last to Know (disc 2)"
"Britney Spears","Someday (I Will Understand)"
"Britney Spears","I'm Not a Girl, Not Yet a Woman"
"Ryan Adams","Destroyer"
"Ryan Adams","Follow the Lights"
"Ryan Adams","Exile On Franklin Street"
"Ryan Adams","Love Is Hell, Part 2"
"Ryan Adams","Love Is Hell, Part 1"
"Ryan Adams","New York, New York"
"Ryan Adams","Morrocan Role EP"
"Ryan Adams","Love Is Hell"
"Ryan Adams","29"
"Ryan Adams","The Suicide Handbook"
"Ryan Adams","Heartbreaker"
"Ryan Adams","Rock N Roll"
"Ryan Adams","Cold Roses"
"Ryan Adams","The Hardest Part"
"Ryan Adams","Gold"
"Ryan Adams","Jacksonville City Nights"
"Ryan Adams","Demolition"
"Ryan Adams","Easy Tiger"
"Ryan Adams","Wonderwall"
"Ryan Adams","Love Is Hell pt. 1"
"Ryan Adams","The Sweden Sessions"
"Ryan Adams","Love Is Hell pt. 2"
"Common","Like Water for Chocolate"
"Common","Be"
"Common","Uncommon Classics, Volume 1 (Mixed by DJ Risky Bizness)"
"Common","One Day It'll All Make Sense"
"Common","Uncommon: The Mixtape W/Mick Boogie"
"Common","Finding Forever"
"Common","Breaker 1/9"
"Common","Come Close Remix (Closer)"
"Common","Go!"
"Common","Electric Circus"
"Common","One-Nine-Nine-Nine / Like They Used to Say"
"Common","Can I Borrow a Dollar?"
"Common","Soul by the Pound"
"Common","Thisisme Then: The Best of Common"
"Common","The People"
"Common","The Believer"
"Common","The Corner"
"Common","The 6th Sense"
"Common","Resurrection"
"Common","Geto Heaven (Remix TSOI: The Sound of Illadelph)"
"Common","Be (instrumental vinyl)"
"Jenny Lewis","Rabbit Fur Coat"
"Luis Miguel","Decídete"
"Luis Miguel","40 Éxitos"
"Luis Miguel","Antología Luis Miguel"
"Luis Miguel","America & En Vivo"
"Luis Miguel","Sus Primeros Exitos"
"Luis Miguel","Ya Nunca Mas"
"Luis Miguel","Nada es Igual"
"Luis Miguel","Nada Es Igual"
"Luis Miguel","Romance"
"Luis Miguel","Aries"
"Luis Miguel","Directo al corazón"
"Luis Miguel","Cómplices"
"Luis Miguel","Un Sol"
"Luis Miguel","Palabra De Honor"
"Luis Miguel","30 Éxitos Insuperables"
"Luis Miguel","Todos Los Romances"
"Luis Miguel","Serie de Oro: Grandes Exitos"
"Luis Miguel","Amarte Es Un Placer"
"Luis Miguel","Busca una Mujer"
"Luis Miguel","Navidades"
"Luis Miguel","30 Exitos Insuperables"
"Luis Miguel","Discography of Luis Miguel"
"Luis Miguel","Navidades Luis Miguel"
"Luis Miguel","Tour 33 En Vivo"
"Luis Miguel","México en la Piel"
"Luis Miguel","Segundo Romance"
"Luis Miguel","México en la Piel (Edición Diamante)"
"Luis Miguel","20 Años"
"Luis Miguel","Vivo"
"Luis Miguel","Mexico En La Piel"
"Luis Miguel","Busca Una Mujer"
"Luis Miguel","14 Grandes Exitos"
"Luis Miguel","Antología"
"Luis Miguel","Grandes Exitos"
"Luis Miguel","Directo Al Corazón"
"Luis Miguel","Fiebre De Amor"
"Luis Miguel","Luis Miguel: Duetos"
"Luis Miguel","Grandes Exitos (disc 2)"
"Luis Miguel","Romantico Desde Siempre"
"Luis Miguel","Tambien es Rock"
"Luis Miguel","Mis Boleros Favoritos"
"Luis Miguel","33"
"Luis Miguel","Soy Como Quiero Ser"
"Luis Miguel","Palabra de Honor"
"Luis Miguel","El Concierto"
"Luis Miguel","Amarte es un Placer"
"Luis Miguel","Mis Romances"
"Luis Miguel","Fiebre de amor"
"Luis Miguel","Grandes Éxitos (disc 1)"
"Luis Miguel","America & En vivo"
"Luis Miguel","Romances"
"Luis Miguel","Sus primeros éxitos"
"Woody Allen","Accords et Desaccords"
"Woody Allen","Wild Man Blues"
"Ryan Cabrera","Take It All Away"
"Ryan Cabrera","On the Way Down (Radio Disney version)"
"Ryan Cabrera","You Stand Watching"
"Ryan Cabrera","Elm St."
"Ryan Cabrera","I Will Remember You"
"Ryan Cabrera","The Moon Under Water"
"Nicole Kidman","One Day I'll Fly Away"
"Ashlee Simpson","Autobiography"
"Ashlee Simpson","Bittersweet World"
"Ashlee Simpson","La La"
"Ashlee Simpson","Pieces of Me (disc 1)"
"Ashlee Simpson","Outta My Head (Ay Ya Ya)"
"Ashlee Simpson","Invisible"
"Ashlee Simpson","Pieces of Me"
"Ashlee Simpson","Boyfriend"
"Ashlee Simpson","Autobiography sales and chart positions"
"Ashlee Simpson","I Am Me"
"Ashlee Simpson","Ashlee Simpson's third studio album"
"Ashlee Simpson","Shadow"
"Isabelle Adjani","Pull Marine"
"Sheryl Crow","C'Mon, C'Mon"
"Sheryl Crow","The Globe Sessions Tour Edition"
"Sheryl Crow","Tomorrow Never Dies"
"Sheryl Crow","Detours"
"Sheryl Crow","Tuesday Night Music Club"
"Sheryl Crow","Living Covers"
"Sheryl Crow","Wildflower"
"Sheryl Crow","The Globe Sessions"
"Sheryl Crow","Good Is Good"
"Sheryl Crow","First Cut Is the Deepest"
"Sheryl Crow","Sheryl Crow"
"Sheryl Crow","Strong Enough"
"Sheryl Crow","The First Cut Is the Deepest"
"Sheryl Crow","Hits and Rarities (disc 2)"
"Sheryl Crow","Cars"
"Sheryl Crow","Strong Enough (EP)"
"Sheryl Crow","My Favorite Mistake"
"Sheryl Crow","The Very Best of Sheryl Crow"
"Sheryl Crow","Short Stories"
"Sheryl Crow","Hard to Make a Stand"
"Sheryl Crow","Soak Up the Sun Remixes"
"Sheryl Crow","If It Makes You Happy"
"Sheryl Crow","ITunes Originals - Sheryl Crow"
"Sheryl Crow","Tuesday Night Music Club Live"
"Sheryl Crow","Run Baby Run"
"Sheryl Crow","Can't Cry Anymore"
"Sheryl Crow","Anything But Down"
"Sheryl Crow","A Change Would Do You Good"
"Sheryl Crow","All I Wanna Do"
"Sheryl Crow","Live at Budokan"
"Sheryl Crow","Artist's Choice: Sheryl Crow"
"Sheryl Crow","Not Fade Away"
"Sheryl Crow","Sheryl Crow and Friends: Live in Central Park"
"Sheryl Crow","Everyday Is a Winding Road"
"Sheryl Crow","There Goes the Neighborhood (disc 2)"
"Sheryl Crow","Hits & Rarities"
"Sheryl Crow","It's So Easy (feat. Wolfgang Niedecken)"
"Sheryl Crow","C'mon C'mon"
"Sheryl Crow","Sheryl Crow & Friends Live From Central Park"
"Sheryl Crow","Wildflower (Bonus Accoustic)"
"Sheryl Crow","C'mon America"
"Sheryl Crow","Rockin' the Globe Live"
"Sheryl Crow","Soak Up the Sun"
"Sheryl Crow","Greatest Hits Collection"
"Sheryl Crow","Hits and Rarities (disc 1)"
"Sinitta","Wicked"
"Sinitta","Toy Boy"
"Sinitta","The Very Best of..."
"Sinitta","Cross My Broken Heart"
"Sinitta","Sinitta"
"Sinitta","Right Back Where We Started From"
"Sinitta","The Remixes & B-Sides Collection"
"Devendra Banhart","Rejoicing in the Hands"
"Frank Sinatra","Frank Sinatra"
"Frank Sinatra","Capitol Collectors Series"
"Frank Sinatra","BD Jazz Series: Frank Sinatra"
"Frank Sinatra","The Main Event"
"Frank Sinatra","Sinatra's Swingin' Session!!! and More"
"Frank Sinatra","Close to You"
"Frank Sinatra","Christmas Through the Years"
"Frank Sinatra","Frank Sinatra-Gold Collection"
"Frank Sinatra","Frank Sinatra: Volume III: My Heart Tells Me"
"Frank Sinatra","Blue Skies"
"Frank Sinatra","Frank Sinatra - Live in Australia With the Red Norvo Quintet (1959)"
"Frank Sinatra","Under the Mistletoe"
"Frank Sinatra","Everything Happens to Me"
"Frank Sinatra","Swing Along With Me"
"Frank Sinatra","From the Vaults"
"Frank Sinatra","The Magic of the Music"
"Miley Cyrus","Hannah Montana 2: Rock Star Edition"
"Miley Cyrus","Hannah Montana 2: Meet Miley Cyrus"
"Miley Cyrus","7 Things"
"Miley Cyrus","Hannah Montana 2: Meet Miley Cyrus (Disc 1)"
"Miley Cyrus","Hannah Montana: Karaoke From the Hit TV Show"
"Miley Cyrus","Hannah Montana & Miley Cyrus: Best of Both Worlds Tour"
"Miley Cyrus","Breakout"
"Miley Cyrus","Hannah Montana 2: Non-Stop Dance Party"
"Miley Cyrus","Hannah Montana 2: Meet Miley Cyrus (Disc 2)"
"Jennifer Lopez","The Reel Me"
"Jennifer Lopez","Rebirth"
"Jennifer Lopez","Brave"
"Jennifer Lopez","On the 6"
"Jennifer Lopez","This Is Me... Then"
"Jennifer Lopez","Como ama una mujer"
"Jennifer Lopez","J to tha L-O!: The Remixes"
"Jennifer Lopez","Jennifer Lopez's sixth studio album"
"Jennifer Lopez","Como Ama Una Mujer"
"Jennifer Lopez","J.Lo"
"Minnie Driver","Seastories"
"Minnie Driver","Invisible Girl"
"Minnie Driver","Everything I've Got in My Pocket"
"Billy Crawford","Trackin'"
"Billy Crawford","Big City"
"Billy Crawford","Ride"
"Billy Crawford","S.T.A.T.U.S."
"Billy Crawford","Billy Crawford"
"Billy Crawford","Urgently In Love"
"Jessica Simpson","These Boots Are Made for Walkin'"
"Jessica Simpson","Rejoyce: The Christmas Album"
"Jessica Simpson","Jessica simpson"
"Jessica Simpson","This Is the Remix"
"Jessica Simpson","I Belong to Me"
"Jessica Simpson","In This Skin"
"Jessica Simpson","I Wanna Love You Forever"
"Jessica Simpson","A Special Limited-Edition Christmas Collection"
"Jessica Simpson","I Think I'm in Love With You"
"Jessica Simpson","With You"
"Jessica Simpson","Sweet Kisses"
"Jessica Simpson","Where You Are"
"Jessica Simpson","A Public Affair"
"Jessica Simpson","Irresistible"
"Bruce Willis","If It Don't Kill You, It Just Makes You Stronger"
"Bruce Willis","The Return of Bruno"
"Bruce Willis","Classic Bruce Willis"
"Bruce Willis","Return of Bruno"
"Bruce Willis","Master Series"
"Bruce Willis","Comin' Right Up"
"Lenny Kravitz","Again"
"Lenny Kravitz","Lenny Kravitz"
"Lenny Kravitz","MTV History 2000"
"Lenny Kravitz","If You Can't Say No"
"Lenny Kravitz","Wake Up Everybody"
"Lenny Kravitz","It Is Time for a Love Revolution"
"Lenny Kravitz","Thinking of You"
"Lenny Kravitz","It Ain't Over 'Til It's Over"
"Lenny Kravitz","Let Love Rule"
"Lenny Kravitz","American Woman"
"Lenny Kravitz","Oddities V1.1"
"Lenny Kravitz","Black Velveteen"
"Lenny Kravitz","5"
"Lenny Kravitz","Rock And Roll Is Dead"
"Lenny Kravitz","Are You Gonna Go My Way?"
"Lenny Kravitz","Believe"
"Lenny Kravitz","Where Are We Runnin'?"
"Lenny Kravitz","Heaven Help (disc 1)"
"Lenny Kravitz","If I Could Fall in Love"
"Lenny Kravitz","Greatest Hits"
"Lenny Kravitz","Lenny"
"Lenny Kravitz","Mama Said"
"Lenny Kravitz","Heaven Help"
"Lenny Kravitz","Fly Away"
"Lenny Kravitz","London 1991"
"Lenny Kravitz","Baptism"
"Lenny Kravitz","Fields of Joy"
"Lenny Kravitz","Stillness of Heart"
"Lenny Kravitz","Circus"
"Lenny Kravitz","Always on the Run"
"Lenny Kravitz","Another Life: B-Sides and Rarities compiled exclusively for Target"
"Lenny Kravitz","Believe in Me"
"Lenny Kravitz","Are You Gonna Go My Way"
"Lenny Kravitz","Unplugged 1994"
"Lenny Kravitz","Unplugged"
"Chris Botti","A Thousand Kisses Deep"
"Chris Botti","To Love Again"
"Chris Botti","December"
"Chris Botti","Night Sessions"
"Chris Botti","Slowing Down the World"
"Chris Botti","Midnight Without You"
"Chris Botti","To Love Again: The Duets"
"Chris Botti","Italia"
"Chris Botti","Live: With Orchestra and Special Guests"
"Chris Botti","First Wish"
"Chris Botti","When I Fall in Love"
"Cher","The Very Best of Cher"
"Cher","Black Rose"
"Cher","Gypsys, Tramps & Thieves"
"Cher","Bittersweet: The Love Songs Collection"
"Cher","Holdin' Out for Love"
"Cher","Greatest Hits: If I Could Turn Back Time"
"Cher","Dark Lady"
"Cher","The Sonny Side of Cher"
"Cher","20th Century Masters: The Millennium Collection: The Best of Cher, Volume 2"
"Cher","Cherished"
"Cher","Stars"
"Cher","Take Me Home"
"Cher","The Best of Cher: The Millennium Collection"
"Cher","Strong Enough"
"Cher","Cher Essential Collection"
"Cher","Bittersweet White Light"
"Cher","Walking in Memphis"
"Cher","Not Commercial"
"Cher","All Or Nothing"
"Cher","Bang, Bang: The Early Years"
"Cher","Foxy Lady"
"Cher","The Look of Love (disc 2)"
"Cher","Live! The Farewell Tour"
"Cher","VH1 Divas 1999"
"Cher","Half Breed"
"Cher","The Best of Cher"
"Cher","Dov'è l'amore (disc 1)"
"Cher","One by One"
"Cher","Love Hurts"
"Cher","If I Could Turn Back Time"
"Cher","Blue: The All Time Great Love Songs"
"Cher","The Music's No Good Without You"
"Cher","A Different Kind of Love Song"
"Cher","3614 Jackson Highway"
"Cher","Living Proof"
"Cher","Golden Greats"
"Cher","Song for the Lonely"
"Cher","Greatest Hits"
"Cher","Take Me Home & Prisoner"
"Cher","Alive Again"
"Cher","It's a Man's World"
"Cher","If I Could Turn Back Time: Cher's Greatest Hits"
"Cher","Backstage"
"Cher","All I Really Want to Do"
"Cher","Prisoner"
"Cher","The Casablanca Years"
"Cher","The Sun Ain't Gonna Shine Anymore"
"Cher","The Shoop Shoop Song (It's in His Kiss)"
"Cher","The Best of the Imperial Recordings: 1965-1968"
"Cher","Not Enough Love in the World"
"Cher","Cher's Greatest Hits: 1965-1992"
"Cher","Believe"
"Cher","Cher"
"Cher","Gold"
"Cher","I Paralyze"
"Cher","Cher Gold"
"Cher","Cher: The Story (1964-1972) (disc 1)"
"Cher","The Greatest Hits"
"Cher","Two the Hard Way"
"Cher","When the Money's Gone"
"Cher","Heart of Stone"
"Cher","Bang Bang & Other Hits"
"Cher","With Love, Cher"
"Cher","Dov'è l'amore (disc 2)"
"Cher","Not.Com.Mercial"
"Cher","Paradise Is Here"
"Cher","Half-Breed"
"Rhett Miller","Mythologies"
"Rhett Miller","The Instigator"
"Rhett Miller","The Believer"
"Marilyn Monroe","Marilyn Monroe"
"Marilyn Monroe","24 Great Hits"
"Marilyn Monroe","La legende"
"Marilyn Monroe","The Essential Recordings"
"Marilyn Monroe","The Very Best of Marilyn Monroe"
"Marilyn Monroe","The Complete Recordings"
"Marilyn Monroe","The Legend Lives On"
"Marilyn Monroe","Bye Bye Baby"
"Marilyn Monroe","Diamonds Are A Girl's Best Friend"
"Marilyn Monroe","The Entertainers"
"Marilyn Monroe","Real Gold"
"Marilyn Monroe","Rare Recordings 1948-1962"
"Marilyn Monroe","Never Before and Never Again"
"Marilyn Monroe","Candle in the Wind"
"Marilyn Monroe","Great American Legends"
"Marilyn Monroe","The Very Best Of"
"Ray J","One Wish"
"Ray J","Raydiation"
"Ray J","This Ain't a Game"
"Ray J","Everything You Want"
"Robbie Williams","United"
"Robbie Williams","Back for Good the Hits"
"Robbie Williams","Very Best"
"Robbie Williams","She's the One"
"Robbie Williams","Live at Knebworth"
"Robbie Williams","Millennium Hits"
"Robbie Williams","Millennium"
"Robbie Williams","Rudebox"
"Robbie Williams","Swing When You're Winning"
"Robbie Williams","Supreme Angels and Millionaires"
"Robbie Williams","Angels"
"Robbie Williams","The Very Best Of"
"Robbie Williams","Misunderstood"
"Robbie Williams","Eternity"
"Robbie Williams","Greatest Hits 2003"
"Robbie Williams","Come Undone"
"Robbie Williams","Somethin' Stupid"
"Robbie Williams","Life thru a Lens"
"Robbie Williams","Live Summer: Live at Knebwort 2003"
"Robbie Williams","Let Love Be Your Energy"
"Robbie Williams","Sin Sin Sin"
"Robbie Williams","Kids (feat. Kylie Minogue)"
"Robbie Williams","Advertising Space"
"Robbie Williams","South of the Border"
"Robbie Williams","Strong"
"Robbie Williams","Tripping"
"Robbie Williams","Intensive Care"
"Robbie Williams","Old Before I Die"
"Robbie Williams","She's the One / It's Only Us"
"Robbie Williams","Greatest Hits"
"Robbie Williams","Eternity / The Road to Mandalay"
"Robbie Williams","Freedom"
"Robbie Williams","Live at the Albert"
"Robbie Williams","It's Only Us / She's the One"
"Robbie Williams","Sing When You're Winning"
"Robbie Williams","Let Me Entertain You"
"Robbie Williams","B-Sides & Rarities"
"Robbie Williams","Escapology"
"Robbie Williams","Rock DJ"
"Robbie Williams","Supreme"
"Robbie Williams","The Ego Has Landed"
"Robbie Williams","Something Beautiful"
"Robbie Williams","Sexed Up"
"Robbie Williams","Feel"
"Robbie Williams","No Regrets"
"Robbie Williams","Lazy Days"
"Robbie Williams","I've Been Expecting You"
"Robbie Williams","I Will Talk and Hollywood Will Listen / Mr. Bojangles"
"Robbie Williams","Radio"
"Robbie Williams","No Regrets / Antmusic"
"Carrie Underwood","Inside Your Heaven"
"Carrie Underwood","Carnival Ride"
"Carrie Underwood","Carrie Underwood"
"Carrie Underwood","Some Hearts"
"Jay-Z","Dead Presidents"
"Jay-Z","In My Lifetime, Volume 1"
"Jay-Z","I Just Wanna Love U (Give It 2 Me)"
"Jay-Z","The Dynasty: Roc La Familia"
"Jay-Z","Hard Knock Life (Ghetto Anthem)"
"Jay-Z","The Best of Both Worlds"
"Jay-Z","Izzo (H.o.V.a.)"
"Jay-Z","Vol. 2... Hard Knock Life"
"Jay-Z","UnPlugged"
"Jay-Z","Jay-Z: Unplugged"
"Jay-Z","99 Problems / Dirt Off Your Shoulder"
"Jay-Z","The Black Album"
"Jay-Z","Collision Course"
"Jay-Z","Reasonable Doubt"
"Jay-Z","Greatest Hits"
"Jay-Z","Show Me What You Got"
"Jay-Z","Bring It On: The Best of Jay-Z"
"Jay-Z","The Blueprint 2.1"
"Jay-Z","Kingdom Come"
"Jay-Z","Vol. 3... Life & Times of S. Carter"
